{
  "name": "pf1e-archetypes",
  "title": "Pathfinder 1e Archetypes and Abilities",
  "description": "Adds Archetypes, Archetype Class Features, along with 119 Prestige Classes, and associated Prestige Features. Read the README for more information.",
  "author": "fadedshadow589#8270 (With major contributions from JoshyNeurotic)",
  "authors": [],
  "url": "https://github.com/baileymh/pf1e-archetypes",
  "readme": "https://github.com/baileymh/pf1e-archetypes/blob/main/README.md",
  "changelog": "https://github.com/baileymh/pf1e-archetypes/blob/main/changelog.md",
  "manifest": "https://raw.githubusercontent.com/baileymh/pf1e-archetypes/main/module.json",
  "download": "https://github.com/baileymh/pf1e-archetypes/releases/download/0.2.2/pf1e-archetypes_v0.2.2.zip",
  "system": ["pf1"],
  "dependencies": [],
  "socket": false,
  "protected": false,
  "coreTranslation": false,
  "flags": {},
  "version": "0.2.2",
  "minimumCoreVersion": "9.242",
  "compatibleCoreVersion": "9.242",
  "scripts": [],
  "esmodules": [],
  "styles": [],
  "languages": [],
  "packs": [
    {
      "name": "pf-archetypes",
      "label": "PF-Archetypes",
      "system": "pf1",
      "path": "packs/pf-archetypes.db",
      "entity": "Item",
      "module": "pf1e-archetypes",
      "private": false
    },
    {
      "name": "pf-arch-features",
      "label": "PF-Archetype Features",
      "system": "pf1",
      "path": "packs/pf-arch-features.db",
      "entity": "Item",
      "module": "pf1e-archetypes",
      "private": false
    },
    {
      "name": "pf-prestige-classes",
      "label": "PF-Prestige Classes",
      "system": "pf1",
      "path": "packs/pf-prestige-classes.db",
      "entity": "Item",
      "module": "pf1e-archetypes",
      "private": false
    },
    {
      "name": "pf-prestige-features",
      "label": "PF-Prestige Features",
      "system": "pf1",
      "path": "packs/pf-prestige-features.db",
      "entity": "Item",
      "module": "pf1e-archetypes",
      "private": false
    }
  ]
}