{
  "name": "pf1e-archetypes",
  "title": "Pathfinder 1e Archetypes and Abilities",
  "description": "Adds Archetypes, Archetype Class Features, along with 119 Prestige Classes, and associated Prestige Features. Read the README for more information.",
  "version": "0.1.8",
  "minimumCoreVersion": "0.7.9",
  "compatibleCoreVersion": "0.7.9",
  "systems": ["pf1"],
  "author": "Michael Bailey(fadedshadow589#8270) (With major contributions from JoshyNeurotic)",
  "url":"https://github.com/baileymh/pf1e-archetypes",
  "manifest": "https://raw.githubusercontent.com/baileymh/pf1e-archetypes/main/module.json",
  "download":"https://github.com/baileymh/pf1e-archetypes/releases/download/0.1.8/pf1e-archetypes_v0.1.8.zip",
  "readme":"https://github.com/baileymh/pf1e-archetypes/blob/main/README.md",
  "changelog":"https://github.com/baileymh/pf1e-archetypes/blob/main/changelog.md",
  "scripts": [
    "./scripts/welcome-screen.js"
  ],
  "packs": [
  {
    "name": "pf-archetypes",
    "label": "PF-Archetypes",
    "system": "pf1",
    "path": "packs/pf-archetypes.db",
    "entity": "Item",
    "module": "pf1e-archetypes"
  },
  {
    "name": "pf-arch-features",
    "label": "PF-Archetype Features",
    "system": "pf1",
    "path": "packs/pf-arch-features.db",
    "entity": "Item",
    "module": "pf1e-archetypes"
  },
  {
    "name": "pf-prestige-classes",
    "label": "PF-Presitge Classes",
    "system": "pf1",
    "path": "packs/pf-prestige-classes.db",
    "entity": "Item",
    "module": "pf1e-archetypes"
  },
  {
    "name": "pf-prestige-features",
    "label": "PF-Prestige Features",
    "system": "pf1",
    "path": "packs/pf-prestige-features.db",
    "entity": "Item",
    "module": "pf1e-archetypes"
  }]
}
